filename,emoji
Target-List-ALL.txt,🎯
Target-List-COMMON.txt,🎯
clean-nootropics-library-1.1.3-2.html,🧠
clean-nootropics-library-1_2_0-1.html,🧠
clean-nootropics-library-1_2_0.html,🧠
Medica-Wiki-Template-FILL-GUIDE.md,📃
Medica-Wiki-Template-FULL-1.html,📗
Medica-Wiki-Template-FULL-FILL-GUIDE-1.md,📙
Medica-Wiki-Template-FULL-FILL-GUIDE.md,📕
Medica-Wiki-Template-FULL.html,📔
Medica-Wiki-Template-SIMPLE.html,📄
substance_wiki_template.html,🧪
cut-table-standalone.html,✂️
cut-table-v2.html,✂️
mht-converter.html,📦
number-match-v2.html,🔢
paracetamol_solubility_calculator.html,🧮
my-library-8.1.html,📚
my-library-v8.5.2.html,📚
rune-reader-1.html,📜
snapchat-penetration-map-2.html,🗺️
antipsychotics-4way-comparison.html,⚖️
cariprazine-vs-aripiprazole.html,⚔️
cannabinoid_T9HC_THCX_HCT_HPC_research.html,🔬
cannabinoid_pharmacology_wiki-5.html,🌿
bupropion-analogs.png,💊
caffeine-absorption-1.html,☕
dxm-cyp2d6-diagrams.html,📐
inhalation-terpenes-wiki.html,🌬️
nootropics-library-v1.1.3.2.html,🧠
Gaia-Materia-Medica-Wiki-1.html,🌍
ashwagandha_pharmacology_adhd-v1.html,🌿
materia-medica-wiki-2-1.html,📖
myricistin-elemecin-wiki.html,🌰
nutmeg-metabolic-gridlock-1.html,🌰
plant-library.html,🌱
saffron-pharmacology.html,🌸
binding-profile-index-1.html,🔗
binding-profile-index.md,📋
gaba-receptors-wiki.html,🧠
neuro-targets-wiki-v1.2.html,🎯
nicotinic-receptors-wiki.html,🧬
aripiprazole_wiki-v1.2.html,💊
cariprazine_wiki-v1.html,💊
lamotrigine_wiki_v2.html,💊
risperidone_wiki-v1.1.html,💊
safranal-1.html,🧪
safranal-et.html,🧪
safranal_wiki-v1.3.html,🧪
