name,price,stock,rating,url,image
"Czech CBD THC Odyssey Jelly Raspberry Cake, 70 mg THC, 10 pcs","6,81 €",In stock(> 15 pcs),Rating value is 5 of 5,https://www.canatura.com/p/czech-cbd-thc-odyssey-jelly-raspberry-cake-70-mg-thc-10-pcs,https://canatura.s61.cdn-upgates.com/_cache/b/5/b505a806650bb7f1d1390c1a7c83db23-thc-odyssey-jelly-raspberry-zele.webp
"Czech CBD THC Odyssey Jelly Passion Fruit, 70 mg THC, 10 pcs","6,81 €",In stock(> 15 pcs),Rating value is 4 of 5,https://www.canatura.com/p/czech-cbd-thc-odyssey-jelly-passion-fruit-70-mg-thc-10-pcs,https://canatura.s61.cdn-upgates.com/_cache/5/b/5b5efa84ebfc6ccab0f1c3cf17d82d27-thc-odyssey-jelly-passion-fruit-zele.webp
"Czech CBD THC Odyssey Jelly Orange, 70 mg THC, 10 pcs","6,81 €",In stock(> 15 pcs),Rating value is 5 of 5,https://www.canatura.com/p/czech-cbd-thc-odyssey-jelly-orange-70-mg-thc-10-pcs,https://canatura.s61.cdn-upgates.com/_cache/2/4/24650f10058681834c5b5c164c83f7a9-thc-odyssey-jelly-orange-zele.webp
"Czech CBD THC Odyssey Jelly Blue Mango, 70 mg THC, 10 pcs","6,81 €",In stock(> 15 pcs),Rating value is 4 of 5,https://www.canatura.com/p/czech-cbd-thc-odyssey-jelly-blue-mango-70-mg-thc-10-pcs,https://canatura.s61.cdn-upgates.com/_cache/4/e/4e97781c93c091fd52e5d7687a8d57d1-thc-odyssey-jelly-blue-mango-zele.webp
"Czech CBD Odyssey THC Jelly Green Apple, 70 mg THC, 10 pcs","6,81 €",In stock(> 15 pcs),Rating value is 5 of 5,https://www.canatura.com/p/jelly-thc-czech-cbd-thc-odyssey-green-apple-jelly,https://canatura.s61.cdn-upgates.com/_cache/b/8/b8c2b95ad3267e11e725258250d31c82-main-snimek-obrazovky-2026-06-17-101646-ig-square-1080-1080.webp
"Canntropy THC+ Gummies Orange, 30 pcs x 5 mg, 150 g","30,77 €(205,13 €/kg)",In stock(9 pcs),Rating value is 5 of 5,https://www.canatura.com/p/canntropy-thc-gummies-orange-30pcs-x-5mg-150g,https://canatura.s61.cdn-upgates.com/_cache/1/3/1337ffe9258ec363a8456ef4750e55c2-thc-orange-gummies-2.png
"Zen CBD THC+ Gummies Fruit Punch Sativa, 10 pcs, 200 mg","19,47 €",In stock(> 15 pcs),Rating value is 5 of 5,https://www.canatura.com/p/zen-cbd-thc-gummies-fruit-punch-sativa-10-pcs-200-mg,https://canatura.s61.cdn-upgates.com/_cache/2/4/241a776bf8f37420985dd0b3afc4b09f-main-imagetostl-com-zen-cbd-thc-sativa-10mg-cbd-10db.webp
"Canntropy THC+ Gummies Strawberry, 30 pcs x 5 mg, 150 g","33,23 €(221,53 €/kg)",Out of stock(0 pcs),Rating value is 4 of 5,https://www.canatura.com/p/canntropy-thc-gummies-strawberry-30pcs-x-5mg-150g,https://canatura.s61.cdn-upgates.com/_cache/3/d/3d26971bd492b8f47c1622845e135d20-thc-strawberry-gummies-2.webp
"Zen CBD THC+ Gummies Grape NiteNite, 10 pcs, 500 mg","19,47 €",In stock(> 15 pcs),Rating value is 5 of 5,https://www.canatura.com/p/zen-cbd-thc-gummies-grape-nitenite-10-pcs-500-mg,https://canatura.s61.cdn-upgates.com/_cache/4/f/4fd422f5bfe4e18c8c939e6377fd88df-zen-cbd-thc-gummies-grape-nitenite-10-pcs-500-mg.webp
"Zen CBD THC+ Gummies Fruit Punch Indica, 10 pcs, 200 mg","21,04 €",In stock(> 15 pcs),Rating value is 5 of 5,https://www.canatura.com/p/zen-cbd-thc-gummies-fruit-punch-indica-10pcs-200mg,https://canatura.s61.cdn-upgates.com/_cache/3/e/3e75d85a299f4668f0ba3d0d89ffab61-zencbd-fruitpunch.webp
"Canntropy THC+ Gummies Strawberry, 10 pcs x 5 mg, 50 g","15,19 €(303,80 €/kg)",In stock(> 15 pcs),Rating value is 5 of 5,https://www.canatura.com/p/canntropy-thc-gummies-strawberry-10pcs-x-5mg-50g,https://canatura.s61.cdn-upgates.com/_cache/3/d/3d26971bd492b8f47c1622845e135d20-thc-strawberry-gummies-2.webp
"Canntropy THC+ Gummies Orange, 10 pcs x 5 mg, 50 g","16,41 €(328,20 €/kg)",In stock(> 15 pcs),Rating value is 5 of 5,https://www.canatura.com/p/canntropy-thc-gummies-orange-10pcs-x-5mg-50g,https://canatura.s61.cdn-upgates.com/_cache/1/3/1337ffe9258ec363a8456ef4750e55c2-thc-orange-gummies-2.png
"Cannastra THC+ Astro Bears Strawberry Bath Jellies, 30 pcs x 5 mg, 150 g","23,93 €(159,53 €/kg)",Out of stock(0 pcs),Rating value is 5 of 5,https://www.canatura.com/p/cannastra-thc-astro-bears-strawberry-bath-jellies-30-pcs-x-5-mg-150-g,https://canatura.s61.cdn-upgates.com/_cache/2/a/2a25c918f58320783165b07eb9ab0464-thc-bath-jellies-strawberry.webp
"Cannastra THC+ Astro Bears Strawberry Bath Jellies, 10 pcs x 5 mg, 50 g","11,76 €(235,20 €/kg)",In stock(> 15 pcs),Rating value is 5 of 5,https://www.canatura.com/p/cannastra-thc-astro-bears-strawberry-bath-jellies-10-pcs-x-5-mg-50-g,https://canatura.s61.cdn-upgates.com/_cache/2/a/2a25c918f58320783165b07eb9ab0464-thc-bath-jellies-strawberry.webp
"Czech CBD THC Odyssey Jelly Fresh Mint, 70 mg THC, 10 pcs","6,81 €",In stock(> 15 pcs),Rating value is 4 of 5,https://www.canatura.com/p/czech-cbd-thc-odyssey-jelly-fresh-mint-70-mg-thc-10-pcs,https://canatura.s61.cdn-upgates.com/_cache/b/e/bed80ecae2994b902f141cae34baf883-thc-odyssey-jelly-fresh-mint-zele.webp
"Cannastra THC+ Astro Bears Orange Bath Jellies, 10 pcs x 5 mg, 50 g","11,76 €(235,20 €/kg)",In stock(> 15 pcs),Rating value is 5 of 5,https://www.canatura.com/p/cannastra-thc-astro-bears-orange-bath-jellies-10-pcs-x-5-mg-50-g,https://canatura.s61.cdn-upgates.com/_cache/9/1/91760099d58bb8944c36a83d8a447a42-thc-bath-jellies-orange.webp
"Zen CBD THC+ Gummies Cherry, 10 pcs, 200 mg","19,47 €",In stock(> 15 pcs),Rating value is 5 of 5,https://www.canatura.com/p/zen-cbd-thc-gummies-cherry-10-pcs-200-mg,https://canatura.s61.cdn-upgates.com/_cache/2/6/265d9bb2507f4994d52329a0c66457f5-zencbd-cherry.webp
"Cannastra THC+ Astro Bears Orange Bath Jellies, 30 pcs x 5 mg, 150 g","23,93 €(159,53 €/kg)",In stock(> 15 pcs),Rating value is 5 of 5,https://www.canatura.com/p/cannastra-thc-astro-bears-orange-bath-jellies-10-pcs-x-5-mg-50-g-1,https://canatura.s61.cdn-upgates.com/_cache/9/1/91760099d58bb8944c36a83d8a447a42-thc-bath-jellies-orange.webp
"Czech CBD THC Odyssey chocolate, 40 mg THC","5,42 €",In stock(> 15 pcs),Rating value is 5 of 5,https://www.canatura.com/p/czech-cbd-thc-odyssey-chocolate-40-mg-thc,https://canatura.s61.cdn-upgates.com/_cache/7/d/7de05de93419828297aaaf1e1bc85119-czechcbd-odyssey-choco.webp
"Czech CBD THC MouthFresh Strawberry, 40 mg THC, 40 ml","5,80 €(145 €/l)",In stock(> 15 pcs),Rating value is 4 of 5,https://www.canatura.com/p/czech-cbd-thc-mouthfresh-strawberry-40-mg-thc-40-ml,https://canatura.s61.cdn-upgates.com/_cache/a/d/ad7c1cf4d33c3b4cd1dc131ba8e8da7c-czech-cbd-thc-mouthfresh-strawberry-40-mg-thc-40-ml.jpg
"Zen CBD THC+ Fruit Punch Gummies, 5 pcs, 50 mg, 15 g","4,86 €",In stock(> 15 pcs),Rating value is 5 of 5,https://www.canatura.com/p/zen-cbd-thc-fruit-punch-gummies-5pcs-50mg,https://canatura.s61.cdn-upgates.com/_cache/8/2/8254158b0cf51f1812753f5b82151720-zen-cbd-gummies-fruit-punch-5mg-thc-5mg-cbd.webp
"Czech CBD THC MouthFresh Raspberry, 40 mg THC, 40 ml","5,80 €(145 €/l)",In stock(> 15 pcs),Rating value is 2 of 5,https://www.canatura.com/p/czech-cbd-thc-mouthfresh-raspberry-40-mg-thc-40-ml,https://canatura.s61.cdn-upgates.com/_cache/9/6/969bdb123d1fa706ff665b51630909d7-czech-cbd-thc-mouthfresh-raspberry-40-mg-thc-40-ml.jpg
"Czech CBD Hydrophilic THC water soluble up to 0,2%, 30 ml, 55 mg THC","8,93 €(297,67 €/l)",In stock(> 15 pcs),Rating value is 3 of 5,https://www.canatura.com/p/czech-cbd-hydrophilic-thc-water-soluble-up-to-0-2-30-ml-55-mg-thc,https://canatura.s61.cdn-upgates.com/_cache/5/a/5a6001bb820c848f231c2b7a9f93ef48-czech-cbd-hydrophilic-thc-water-soluble-up-to-0-2.jpg
"Czech CBD THC MouthFresh Orange, 40 mg THC, 40 ml","5,80 €(145 €/l)",In stock(> 15 pcs),Rating value is 4 of 5,https://www.canatura.com/p/czech-cbd-thc-mouthfresh-orange-40-mg-thc-40-ml,https://canatura.s61.cdn-upgates.com/_cache/3/1/31364b6201a8fc50b32a4bbb0bef7f89-czech-cbd-thc-mouthfresh-orange-40-mg-thc-40-ml.jpg
"Zen CBD THC+ Gummies - Orange, 10 pcs, 110 mg, 60 g","19,47 €",In stock(> 15 pcs),Rating value is 1 of 5,https://www.canatura.com/p/zen-cbd-thc-gummies-orange-10pcs,https://canatura.s61.cdn-upgates.com/_cache/0/a/0a5b9f39211d97be87f8369ba2130135-zen-cbd-thc-gummies-orange-10-pcs-60-g.webp
"Czech CBD Hydrophilic THC water soluble up to 0,2%, 1000 ml, 1800 mg THC","80,72 €(80,72 €/l)",In stock(5 pcs),Rating value is 5 of 5,https://www.canatura.com/p/czech-cbd-hydrophilic-thc-water-soluble-up-to-0-2-1000-ml-1800-mg-thc,https://canatura.s61.cdn-upgates.com/_cache/5/a/5a6001bb820c848f231c2b7a9f93ef48-czech-cbd-hydrophilic-thc-water-soluble-up-to-0-2.jpg
